X,Y,Slope,WhoIsAbove
4.251842758186512,5.332736439203975,16.74455912562793,1