X,Y,Slope,WhoIsAbove
-2.925508303613628,6.324816835470179,-0.6966517324928658,2