X,Y,Slope,WhoIsAbove
2.8580163815857804,0.630855528624128,0.15716443312706932,1