X,Y,Slope,WhoIsAbove
5.90528511190237,0.8639678988985671,-0.6846434902339816,2