X,Y,Slope,WhoIsAbove
5.892527146395784,0.3345090832200436,-3.080858508817641,2