X,Y,Slope,WhoIsAbove
1.417869866022841,-0.3052727169482625,-2.6423382208279063,2