X,Y,Slope,WhoIsAbove
-1.1137586570277296,-1.8555612991876738,-0.11489714039853256,1