X,Y,Slope,WhoIsAbove
5.385296792665752,0.7608800840950782,11.142658599302498,1