X,Y,Slope,WhoIsAbove
0.1712504865503099,-3.9513856263972844,0,1