X,Y,Slope,WhoIsAbove
-2.6689209387346784,6.232140357467968,inff,2